replications;[2, 2, 180]
size;[736, 1600, 180]
block size:[128, 128, 128]
start;1641250985.9960818
creation;0.007705211639404297
create;1641250986.003797
